"blood_pressure","bmi"
72.771052631579,32.6827806122449
